algo,model_id,model_path,train_rmse,test_rmse,val_rmse,train_mae,test_mae,val_mae,train_bias,test_bias,val_bias,train_rpd,test_rpd,val_rpd,train_r2,test_r2,val_r2,param_activation,param_alpha,param_hidden_layer_sizes,param_learning_rate_init,param_max_iter,param_tol
mlp,0,/home/aline/Documentos/coffee-nir-moisture/output/models/mlp/mean_centering/mlp_model_000.joblib,12.211284882580326,19.561091245089766,17.557959691223537,9.348098017170368,15.99054018815103,15.290565363356453,-4.031183861866529,-5.576272176970019,-8.091065867923238,1.433699362950485,0.8424590994569323,0.9811724742573685,0.5134989124304339,-0.4089719558655591,-0.03874581704368163,relu,0.0001,"(50,)",0.001,5000,0.0001
mlp,1,/home/aline/Documentos/coffee-nir-moisture/output/models/mlp/mean_centering/mlp_model_001.joblib,12.211284882580326,19.561091245089766,17.557959691223537,9.348098017170368,15.99054018815103,15.290565363356453,-4.031183861866529,-5.576272176970019,-8.091065867923238,1.433699362950485,0.8424590994569323,0.9811724742573685,0.5134989124304339,-0.4089719558655591,-0.03874581704368163,relu,0.0001,"(50,)",0.001,5000,0.001
mlp,2,/home/aline/Documentos/coffee-nir-moisture/output/models/mlp/mean_centering/mlp_model_002.joblib,12.211284882580326,19.561091245089766,17.557959691223537,9.348098017170368,15.99054018815103,15.290565363356453,-4.031183861866529,-5.576272176970019,-8.091065867923238,1.433699362950485,0.8424590994569323,0.9811724742573685,0.5134989124304339,-0.4089719558655591,-0.03874581704368163,relu,0.0001,"(50,)",0.001,10000,0.0001
mlp,3,/home/aline/Documentos/coffee-nir-moisture/output/models/mlp/mean_centering/mlp_model_003.joblib,12.211284882580326,19.561091245089766,17.557959691223537,9.348098017170368,15.99054018815103,15.290565363356453,-4.031183861866529,-5.576272176970019,-8.091065867923238,1.433699362950485,0.8424590994569323,0.9811724742573685,0.5134989124304339,-0.4089719558655591,-0.03874581704368163,relu,0.0001,"(50,)",0.001,10000,0.001
mlp,4,/home/aline/Documentos/coffee-nir-moisture/output/models/mlp/mean_centering/mlp_model_004.joblib,15.89155912385582,24.271006509670382,18.64022987461993,13.79940574317307,20.847212861923275,15.503993013822837,7.0063826740653665,7.001641354480523,6.555667218199763,1.101673613049142,0.6789755220150122,0.9242046299335246,0.17606281181628947,-1.1691608859126692,-0.17074879729274417,relu,0.0001,"(50,)",0.01,5000,0.0001
mlp,5,/home/aline/Documentos/coffee-nir-moisture/output/models/mlp/mean_centering/mlp_model_005.joblib,15.89155912385582,24.271006509670382,18.64022987461993,13.79940574317307,20.847212861923275,15.503993013822837,7.0063826740653665,7.001641354480523,6.555667218199763,1.101673613049142,0.6789755220150122,0.9242046299335246,0.17606281181628947,-1.1691608859126692,-0.17074879729274417,relu,0.0001,"(50,)",0.01,5000,0.001
mlp,6,/home/aline/Documentos/coffee-nir-moisture/output/models/mlp/mean_centering/mlp_model_006.joblib,15.89155912385582,24.271006509670382,18.64022987461993,13.79940574317307,20.847212861923275,15.503993013822837,7.0063826740653665,7.001641354480523,6.555667218199763,1.101673613049142,0.6789755220150122,0.9242046299335246,0.17606281181628947,-1.1691608859126692,-0.17074879729274417,relu,0.0001,"(50,)",0.01,10000,0.0001
mlp,7,/home/aline/Documentos/coffee-nir-moisture/output/models/mlp/mean_centering/mlp_model_007.joblib,15.89155912385582,24.271006509670382,18.64022987461993,13.79940574317307,20.847212861923275,15.503993013822837,7.0063826740653665,7.001641354480523,6.555667218199763,1.101673613049142,0.6789755220150122,0.9242046299335246,0.17606281181628947,-1.1691608859126692,-0.17074879729274417,relu,0.0001,"(50,)",0.01,10000,0.001
mlp,8,/home/aline/Documentos/coffee-nir-moisture/output/models/mlp/mean_centering/mlp_model_008.joblib,8.855931519177402,16.56766593909447,12.194345854861192,6.262776508894355,13.498832213684722,10.586299400852823,-2.370180525182743,-2.002719363540734,-4.802207364112495,1.9769022963931522,0.9946735632716356,1.4127356201137564,0.7441239792265877,-0.01073859475564154,0.49895329648549736,relu,0.0001,"(100,)",0.001,5000,0.0001
mlp,9,/home/aline/Documentos/coffee-nir-moisture/output/models/mlp/mean_centering/mlp_model_009.joblib,8.855931519177402,16.56766593909447,12.194345854861192,6.262776508894355,13.498832213684722,10.586299400852823,-2.370180525182743,-2.002719363540734,-4.802207364112495,1.9769022963931522,0.9946735632716356,1.4127356201137564,0.7441239792265877,-0.01073859475564154,0.49895329648549736,relu,0.0001,"(100,)",0.001,5000,0.001
mlp,10,/home/aline/Documentos/coffee-nir-moisture/output/models/mlp/mean_centering/mlp_model_010.joblib,8.855931519177402,16.56766593909447,12.194345854861192,6.262776508894355,13.498832213684722,10.586299400852823,-2.370180525182743,-2.002719363540734,-4.802207364112495,1.9769022963931522,0.9946735632716356,1.4127356201137564,0.7441239792265877,-0.01073859475564154,0.49895329648549736,relu,0.0001,"(100,)",0.001,10000,0.0001
mlp,11,/home/aline/Documentos/coffee-nir-moisture/output/models/mlp/mean_centering/mlp_model_011.joblib,8.855931519177402,16.56766593909447,12.194345854861192,6.262776508894355,13.498832213684722,10.586299400852823,-2.370180525182743,-2.002719363540734,-4.802207364112495,1.9769022963931522,0.9946735632716356,1.4127356201137564,0.7441239792265877,-0.01073859475564154,0.49895329648549736,relu,0.0001,"(100,)",0.001,10000,0.001
mlp,12,/home/aline/Documentos/coffee-nir-moisture/output/models/mlp/mean_centering/mlp_model_012.joblib,7.62054630591422,14.557684180577327,14.028580282817288,5.165170017027698,11.940904376438377,11.39427864563214,-2.2712239767949125,-3.370253907324335,-7.09208125925895,2.2973827143304772,1.132008299556315,1.2280206839069572,0.8105331207415024,0.21962961780472012,0.33688532921687675,relu,0.0001,"(100,)",0.01,5000,0.0001
mlp,13,/home/aline/Documentos/coffee-nir-moisture/output/models/mlp/mean_centering/mlp_model_013.joblib,7.62054630591422,14.557684180577327,14.028580282817288,5.165170017027698,11.940904376438377,11.39427864563214,-2.2712239767949125,-3.370253907324335,-7.09208125925895,2.2973827143304772,1.132008299556315,1.2280206839069572,0.8105331207415024,0.21962961780472012,0.33688532921687675,relu,0.0001,"(100,)",0.01,5000,0.001
mlp,14,/home/aline/Documentos/coffee-nir-moisture/output/models/mlp/mean_centering/mlp_model_014.joblib,7.62054630591422,14.557684180577327,14.028580282817288,5.165170017027698,11.940904376438377,11.39427864563214,-2.2712239767949125,-3.370253907324335,-7.09208125925895,2.2973827143304772,1.132008299556315,1.2280206839069572,0.8105331207415024,0.21962961780472012,0.33688532921687675,relu,0.0001,"(100,)",0.01,10000,0.0001
mlp,15,/home/aline/Documentos/coffee-nir-moisture/output/models/mlp/mean_centering/mlp_model_015.joblib,7.62054630591422,14.557684180577327,14.028580282817288,5.165170017027698,11.940904376438377,11.39427864563214,-2.2712239767949125,-3.370253907324335,-7.09208125925895,2.2973827143304772,1.132008299556315,1.2280206839069572,0.8105331207415024,0.21962961780472012,0.33688532921687675,relu,0.0001,"(100,)",0.01,10000,0.001
mlp,16,/home/aline/Documentos/coffee-nir-moisture/output/models/mlp/mean_centering/mlp_model_016.joblib,2.52745196512212,9.468086911769028,5.72210099382789,1.6224230369546029,7.070704641547958,4.128514602760191,0.15527838399851177,-2.2743939250472964,-2.98027822285954,6.926862151509333,1.7405226069744826,3.0106750600402123,0.9791585989889977,0.6699036950561125,0.8896754333868221,relu,0.0001,"(50, 50)",0.001,5000,0.0001
mlp,17,/home/aline/Documentos/coffee-nir-moisture/output/models/mlp/mean_centering/mlp_model_017.joblib,2.9879061615394202,9.275118597642972,6.1666980193647065,1.976395044060372,7.1587276386906336,4.582232986779387,-0.47613432595616545,-2.8788488774868513,-3.115096432611883,5.859391296258861,1.7767340806748302,2.7936160809320296,0.9708730509064973,0.6832219112613414,0.8718653591149127,relu,0.0001,"(50, 50)",0.001,5000,0.001
mlp,18,/home/aline/Documentos/coffee-nir-moisture/output/models/mlp/mean_centering/mlp_model_018.joblib,2.52745196512212,9.468086911769028,5.72210099382789,1.6224230369546029,7.070704641547958,4.128514602760191,0.15527838399851177,-2.2743939250472964,-2.98027822285954,6.926862151509333,1.7405226069744826,3.0106750600402123,0.9791585989889977,0.6699036950561125,0.8896754333868221,relu,0.0001,"(50, 50)",0.001,10000,0.0001
mlp,19,/home/aline/Documentos/coffee-nir-moisture/output/models/mlp/mean_centering/mlp_model_019.joblib,2.9879061615394202,9.275118597642972,6.1666980193647065,1.976395044060372,7.1587276386906336,4.582232986779387,-0.47613432595616545,-2.8788488774868513,-3.115096432611883,5.859391296258861,1.7767340806748302,2.7936160809320296,0.9708730509064973,0.6832219112613414,0.8718653591149127,relu,0.0001,"(50, 50)",0.001,10000,0.001
mlp,20,/home/aline/Documentos/coffee-nir-moisture/output/models/mlp/mean_centering/mlp_model_020.joblib,3.5378672931678423,7.873663128038033,3.0883895816338787,2.9273145185768508,5.378770068872483,2.471611999175032,2.4765352852458133,2.8867044228416012,-0.15574705597035912,4.948549480861414,2.0929799823477544,5.578113219782001,0.9591639087421046,0.7717189556922348,0.9678615187219173,relu,0.0001,"(50, 50)",0.01,5000,0.0001
mlp,21,/home/aline/Documentos/coffee-nir-moisture/output/models/mlp/mean_centering/mlp_model_021.joblib,3.5378672931678423,7.873663128038033,3.0883895816338787,2.9273145185768508,5.378770068872483,2.471611999175032,2.4765352852458133,2.8867044228416012,-0.15574705597035912,4.948549480861414,2.0929799823477544,5.578113219782001,0.9591639087421046,0.7717189556922348,0.9678615187219173,relu,0.0001,"(50, 50)",0.01,5000,0.001
mlp,22,/home/aline/Documentos/coffee-nir-moisture/output/models/mlp/mean_centering/mlp_model_022.joblib,3.5378672931678423,7.873663128038033,3.0883895816338787,2.9273145185768508,5.378770068872483,2.471611999175032,2.4765352852458133,2.8867044228416012,-0.15574705597035912,4.948549480861414,2.0929799823477544,5.578113219782001,0.9591639087421046,0.7717189556922348,0.9678615187219173,relu,0.0001,"(50, 50)",0.01,10000,0.0001
mlp,23,/home/aline/Documentos/coffee-nir-moisture/output/models/mlp/mean_centering/mlp_model_023.joblib,3.5378672931678423,7.873663128038033,3.0883895816338787,2.9273145185768508,5.378770068872483,2.471611999175032,2.4765352852458133,2.8867044228416012,-0.15574705597035912,4.948549480861414,2.0929799823477544,5.578113219782001,0.9591639087421046,0.7717189556922348,0.9678615187219173,relu,0.0001,"(50, 50)",0.01,10000,0.001
mlp,24,/home/aline/Documentos/coffee-nir-moisture/output/models/mlp/mean_centering/mlp_model_024.joblib,12.211285478249343,19.56109130326147,17.557960416518398,9.348098375277083,15.990539789276593,15.290565876039109,-4.031184793644063,-5.576273430919487,-8.091066674857323,1.4336992930143353,0.8424590969515873,0.9811724337265019,0.5134988649671843,-0.40897196424569504,-0.03874590286196922,relu,0.001,"(50,)",0.001,5000,0.0001
mlp,25,/home/aline/Documentos/coffee-nir-moisture/output/models/mlp/mean_centering/mlp_model_025.joblib,12.211285478249343,19.56109130326147,17.557960416518398,9.348098375277083,15.990539789276593,15.290565876039109,-4.031184793644063,-5.576273430919487,-8.091066674857323,1.4336992930143353,0.8424590969515873,0.9811724337265019,0.5134988649671843,-0.40897196424569504,-0.03874590286196922,relu,0.001,"(50,)",0.001,5000,0.001
mlp,26,/home/aline/Documentos/coffee-nir-moisture/output/models/mlp/mean_centering/mlp_model_026.joblib,12.211285478249343,19.56109130326147,17.557960416518398,9.348098375277083,15.990539789276593,15.290565876039109,-4.031184793644063,-5.576273430919487,-8.091066674857323,1.4336992930143353,0.8424590969515873,0.9811724337265019,0.5134988649671843,-0.40897196424569504,-0.03874590286196922,relu,0.001,"(50,)",0.001,10000,0.0001
mlp,27,/home/aline/Documentos/coffee-nir-moisture/output/models/mlp/mean_centering/mlp_model_027.joblib,12.211285478249343,19.56109130326147,17.557960416518398,9.348098375277083,15.990539789276593,15.290565876039109,-4.031184793644063,-5.576273430919487,-8.091066674857323,1.4336992930143353,0.8424590969515873,0.9811724337265019,0.5134988649671843,-0.40897196424569504,-0.03874590286196922,relu,0.001,"(50,)",0.001,10000,0.001
mlp,28,/home/aline/Documentos/coffee-nir-moisture/output/models/mlp/mean_centering/mlp_model_028.joblib,15.891556991765052,24.271004536817184,18.64022849216012,13.799403540041423,20.847211159578894,15.503992503634565,7.006379547026981,7.001637933077938,6.555662935907951,1.101673760855184,0.6789755772051065,0.9242046984775212,0.17606303290331327,-1.1691605332749804,-0.17074862363468157,relu,0.001,"(50,)",0.01,5000,0.0001
mlp,29,/home/aline/Documentos/coffee-nir-moisture/output/models/mlp/mean_centering/mlp_model_029.joblib,15.891556991765052,24.271004536817184,18.64022849216012,13.799403540041423,20.847211159578894,15.503992503634565,7.006379547026981,7.001637933077938,6.555662935907951,1.101673760855184,0.6789755772051065,0.9242046984775212,0.17606303290331327,-1.1691605332749804,-0.17074862363468157,relu,0.001,"(50,)",0.01,5000,0.001
mlp,30,/home/aline/Documentos/coffee-nir-moisture/output/models/mlp/mean_centering/mlp_model_030.joblib,15.891556991765052,24.271004536817184,18.64022849216012,13.799403540041423,20.847211159578894,15.503992503634565,7.006379547026981,7.001637933077938,6.555662935907951,1.101673760855184,0.6789755772051065,0.9242046984775212,0.17606303290331327,-1.1691605332749804,-0.17074862363468157,relu,0.001,"(50,)",0.01,10000,0.0001
mlp,31,/home/aline/Documentos/coffee-nir-moisture/output/models/mlp/mean_centering/mlp_model_031.joblib,15.891556991765052,24.271004536817184,18.64022849216012,13.799403540041423,20.847211159578894,15.503992503634565,7.006379547026981,7.001637933077938,6.555662935907951,1.101673760855184,0.6789755772051065,0.9242046984775212,0.17606303290331327,-1.1691605332749804,-0.17074862363468157,relu,0.001,"(50,)",0.01,10000,0.001
mlp,32,/home/aline/Documentos/coffee-nir-moisture/output/models/mlp/mean_centering/mlp_model_032.joblib,8.855938845022344,16.567674727765276,12.194355425126231,6.262780729637614,13.49884111974655,10.586304746825927,-2.370184987437903,-2.002721073053947,-4.802211202463643,1.9769006610521744,0.9946730356261664,1.4127345113832133,0.7441235558925039,-0.010739667091499427,0.4989525100305797,relu,0.001,"(100,)",0.001,5000,0.0001
mlp,33,/home/aline/Documentos/coffee-nir-moisture/output/models/mlp/mean_centering/mlp_model_033.joblib,8.855938845022344,16.567674727765276,12.194355425126231,6.262780729637614,13.49884111974655,10.586304746825927,-2.370184987437903,-2.002721073053947,-4.802211202463643,1.9769006610521744,0.9946730356261664,1.4127345113832133,0.7441235558925039,-0.010739667091499427,0.4989525100305797,relu,0.001,"(100,)",0.001,5000,0.001
mlp,34,/home/aline/Documentos/coffee-nir-moisture/output/models/mlp/mean_centering/mlp_model_034.joblib,8.855938845022344,16.567674727765276,12.194355425126231,6.262780729637614,13.49884111974655,10.586304746825927,-2.370184987437903,-2.002721073053947,-4.802211202463643,1.9769006610521744,0.9946730356261664,1.4127345113832133,0.7441235558925039,-0.010739667091499427,0.4989525100305797,relu,0.001,"(100,)",0.001,10000,0.0001
mlp,35,/home/aline/Documentos/coffee-nir-moisture/output/models/mlp/mean_centering/mlp_model_035.joblib,8.855938845022344,16.567674727765276,12.194355425126231,6.262780729637614,13.49884111974655,10.586304746825927,-2.370184987437903,-2.002721073053947,-4.802211202463643,1.9769006610521744,0.9946730356261664,1.4127345113832133,0.7441235558925039,-0.010739667091499427,0.4989525100305797,relu,0.001,"(100,)",0.001,10000,0.001
mlp,36,/home/aline/Documentos/coffee-nir-moisture/output/models/mlp/mean_centering/mlp_model_036.joblib,7.620562038385424,14.557705072423827,14.028586924060377,5.165182944430036,11.940917975509366,11.394273895487702,-2.271219406300806,-3.3702430554380904,-7.092077873876295,2.2973779714378644,1.1320066750046762,1.228020102552333,0.8105323384392423,0.21962737797182708,0.3368847013690578,relu,0.001,"(100,)",0.01,5000,0.0001
mlp,37,/home/aline/Documentos/coffee-nir-moisture/output/models/mlp/mean_centering/mlp_model_037.joblib,7.620562038385424,14.557705072423827,14.028586924060377,5.165182944430036,11.940917975509366,11.394273895487702,-2.271219406300806,-3.3702430554380904,-7.092077873876295,2.2973779714378644,1.1320066750046762,1.228020102552333,0.8105323384392423,0.21962737797182708,0.3368847013690578,relu,0.001,"(100,)",0.01,5000,0.001
mlp,38,/home/aline/Documentos/coffee-nir-moisture/output/models/mlp/mean_centering/mlp_model_038.joblib,7.620562038385424,14.557705072423827,14.028586924060377,5.165182944430036,11.940917975509366,11.394273895487702,-2.271219406300806,-3.3702430554380904,-7.092077873876295,2.2973779714378644,1.1320066750046762,1.228020102552333,0.8105323384392423,0.21962737797182708,0.3368847013690578,relu,0.001,"(100,)",0.01,10000,0.0001
mlp,39,/home/aline/Documentos/coffee-nir-moisture/output/models/mlp/mean_centering/mlp_model_039.joblib,7.620562038385424,14.557705072423827,14.028586924060377,5.165182944430036,11.940917975509366,11.394273895487702,-2.271219406300806,-3.3702430554380904,-7.092077873876295,2.2973779714378644,1.1320066750046762,1.228020102552333,0.8105323384392423,0.21962737797182708,0.3368847013690578,relu,0.001,"(100,)",0.01,10000,0.001
mlp,40,/home/aline/Documentos/coffee-nir-moisture/output/models/mlp/mean_centering/mlp_model_040.joblib,2.8084338640409445,9.816245605436551,5.9529425852664675,1.7867588433089856,7.315866135981965,4.468118455865077,-0.25448591060577636,-3.038454155866341,-2.8261127520224556,6.233834302144371,1.6787904436301366,2.8939279199142156,0.9742670550302355,0.6451808727886386,0.8805944315685634,relu,0.001,"(50, 50)",0.001,5000,0.0001
mlp,41,/home/aline/Documentos/coffee-nir-moisture/output/models/mlp/mean_centering/mlp_model_041.joblib,2.887777703243321,9.817730977558357,5.933013747319735,1.834412831243984,7.3668731719054446,4.477742102721691,-0.45335926138448024,-3.2832182428649364,-2.8035292933407736,6.0625550703918405,1.6785364512841432,2.903648548080896,0.972792501948127,0.6450734838058926,0.8813925683009524,relu,0.001,"(50, 50)",0.001,5000,0.001
mlp,42,/home/aline/Documentos/coffee-nir-moisture/output/models/mlp/mean_centering/mlp_model_042.joblib,2.8084338640409445,9.816245605436551,5.9529425852664675,1.7867588433089856,7.315866135981965,4.468118455865077,-0.25448591060577636,-3.038454155866341,-2.8261127520224556,6.233834302144371,1.6787904436301366,2.8939279199142156,0.9742670550302355,0.6451808727886386,0.8805944315685634,relu,0.001,"(50, 50)",0.001,10000,0.0001
mlp,43,/home/aline/Documentos/coffee-nir-moisture/output/models/mlp/mean_centering/mlp_model_043.joblib,2.887777703243321,9.817730977558357,5.933013747319735,1.834412831243984,7.3668731719054446,4.477742102721691,-0.45335926138448024,-3.2832182428649364,-2.8035292933407736,6.0625550703918405,1.6785364512841432,2.903648548080896,0.972792501948127,0.6450734838058926,0.8813925683009524,relu,0.001,"(50, 50)",0.001,10000,0.001
mlp,44,/home/aline/Documentos/coffee-nir-moisture/output/models/mlp/mean_centering/mlp_model_044.joblib,4.123615858509705,8.295850938156185,5.126581451404943,3.4402335717871204,5.746747860086989,4.317271541199122,2.848069463244308,2.825593701867221,-1.948824603934558,4.245621308501207,1.9864652146698143,3.3604043779364448,0.9445224221720001,0.7465816428912389,0.9114442192554948,relu,0.001,"(50, 50)",0.01,5000,0.0001
mlp,45,/home/aline/Documentos/coffee-nir-moisture/output/models/mlp/mean_centering/mlp_model_045.joblib,4.123615858509705,8.295850938156185,5.126581451404943,3.4402335717871204,5.746747860086989,4.317271541199122,2.848069463244308,2.825593701867221,-1.948824603934558,4.245621308501207,1.9864652146698143,3.3604043779364448,0.9445224221720001,0.7465816428912389,0.9114442192554948,relu,0.001,"(50, 50)",0.01,5000,0.001
mlp,46,/home/aline/Documentos/coffee-nir-moisture/output/models/mlp/mean_centering/mlp_model_046.joblib,4.123615858509705,8.295850938156185,5.126581451404943,3.4402335717871204,5.746747860086989,4.317271541199122,2.848069463244308,2.825593701867221,-1.948824603934558,4.245621308501207,1.9864652146698143,3.3604043779364448,0.9445224221720001,0.7465816428912389,0.9114442192554948,relu,0.001,"(50, 50)",0.01,10000,0.0001
mlp,47,/home/aline/Documentos/coffee-nir-moisture/output/models/mlp/mean_centering/mlp_model_047.joblib,4.123615858509705,8.295850938156185,5.126581451404943,3.4402335717871204,5.746747860086989,4.317271541199122,2.848069463244308,2.825593701867221,-1.948824603934558,4.245621308501207,1.9864652146698143,3.3604043779364448,0.9445224221720001,0.7465816428912389,0.9114442192554948,relu,0.001,"(50, 50)",0.01,10000,0.001
mlp,48,/home/aline/Documentos/coffee-nir-moisture/output/models/mlp/mean_centering/mlp_model_048.joblib,25.018466044935217,26.900463903130174,30.823043653278805,21.854185806238362,22.36338138365087,29.237843202049703,-21.779679933759702,-22.36338138365087,-29.237843202049703,0.6997755707930987,0.6126072536918458,0.5589125768024656,-1.0421255812565158,-1.6646227427382452,-2.201195777149889,tanh,0.0001,"(50,)",0.001,5000,0.0001
mlp,49,/home/aline/Documentos/coffee-nir-moisture/output/models/mlp/mean_centering/mlp_model_049.joblib,25.018466044935217,26.900463903130174,30.823043653278805,21.854185806238362,22.36338138365087,29.237843202049703,-21.779679933759702,-22.36338138365087,-29.237843202049703,0.6997755707930987,0.6126072536918458,0.5589125768024656,-1.0421255812565158,-1.6646227427382452,-2.201195777149889,tanh,0.0001,"(50,)",0.001,5000,0.001
mlp,50,/home/aline/Documentos/coffee-nir-moisture/output/models/mlp/mean_centering/mlp_model_050.joblib,25.018466044935217,26.900463903130174,30.823043653278805,21.854185806238362,22.36338138365087,29.237843202049703,-21.779679933759702,-22.36338138365087,-29.237843202049703,0.6997755707930987,0.6126072536918458,0.5589125768024656,-1.0421255812565158,-1.6646227427382452,-2.201195777149889,tanh,0.0001,"(50,)",0.001,10000,0.0001
mlp,51,/home/aline/Documentos/coffee-nir-moisture/output/models/mlp/mean_centering/mlp_model_051.joblib,25.018466044935217,26.900463903130174,30.823043653278805,21.854185806238362,22.36338138365087,29.237843202049703,-21.779679933759702,-22.36338138365087,-29.237843202049703,0.6997755707930987,0.6126072536918458,0.5589125768024656,-1.0421255812565158,-1.6646227427382452,-2.201195777149889,tanh,0.0001,"(50,)",0.001,10000,0.001
mlp,52,/home/aline/Documentos/coffee-nir-moisture/output/models/mlp/mean_centering/mlp_model_052.joblib,27.50776861591603,28.57642545222148,34.30998968458932,24.300081507259197,25.668928813908824,32.3256821776991,-24.300081507259197,-25.668928813908824,-32.3256821776991,0.6364497099496667,0.5766788201794542,0.5021099368294709,-1.4687198792794272,-2.006990094486875,-2.966453502727725,tanh,0.0001,"(50,)",0.01,5000,0.0001
mlp,53,/home/aline/Documentos/coffee-nir-moisture/output/models/mlp/mean_centering/mlp_model_053.joblib,27.50776861591603,28.57642545222148,34.30998968458932,24.300081507259197,25.668928813908824,32.3256821776991,-24.300081507259197,-25.668928813908824,-32.3256821776991,0.6364497099496667,0.5766788201794542,0.5021099368294709,-1.4687198792794272,-2.006990094486875,-2.966453502727725,tanh,0.0001,"(50,)",0.01,5000,0.001
mlp,54,/home/aline/Documentos/coffee-nir-moisture/output/models/mlp/mean_centering/mlp_model_054.joblib,27.50776861591603,28.57642545222148,34.30998968458932,24.300081507259197,25.668928813908824,32.3256821776991,-24.300081507259197,-25.668928813908824,-32.3256821776991,0.6364497099496667,0.5766788201794542,0.5021099368294709,-1.4687198792794272,-2.006990094486875,-2.966453502727725,tanh,0.0001,"(50,)",0.01,10000,0.0001
mlp,55,/home/aline/Documentos/coffee-nir-moisture/output/models/mlp/mean_centering/mlp_model_055.joblib,27.50776861591603,28.57642545222148,34.30998968458932,24.300081507259197,25.668928813908824,32.3256821776991,-24.300081507259197,-25.668928813908824,-32.3256821776991,0.6364497099496667,0.5766788201794542,0.5021099368294709,-1.4687198792794272,-2.006990094486875,-2.966453502727725,tanh,0.0001,"(50,)",0.01,10000,0.001
mlp,56,/home/aline/Documentos/coffee-nir-moisture/output/models/mlp/mean_centering/mlp_model_056.joblib,11.150888547833217,12.62480895312469,22.864105231814015,8.768197287146323,10.10504570575482,20.462374869562904,-8.68582594642114,-8.40232646264595,-20.462374869562904,1.5700373366536993,1.3053202924432759,0.7534686609637397,0.5943233238344676,0.41309768734412644,-0.7614471334925679,tanh,0.0001,"(100,)",0.001,5000,0.0001
mlp,57,/home/aline/Documentos/coffee-nir-moisture/output/models/mlp/mean_centering/mlp_model_057.joblib,11.150888547833217,12.62480895312469,22.864105231814015,8.768197287146323,10.10504570575482,20.462374869562904,-8.68582594642114,-8.40232646264595,-20.462374869562904,1.5700373366536993,1.3053202924432759,0.7534686609637397,0.5943233238344676,0.41309768734412644,-0.7614471334925679,tanh,0.0001,"(100,)",0.001,5000,0.001
mlp,58,/home/aline/Documentos/coffee-nir-moisture/output/models/mlp/mean_centering/mlp_model_058.joblib,11.150888547833217,12.62480895312469,22.864105231814015,8.768197287146323,10.10504570575482,20.462374869562904,-8.68582594642114,-8.40232646264595,-20.462374869562904,1.5700373366536993,1.3053202924432759,0.7534686609637397,0.5943233238344676,0.41309768734412644,-0.7614471334925679,tanh,0.0001,"(100,)",0.001,10000,0.0001
mlp,59,/home/aline/Documentos/coffee-nir-moisture/output/models/mlp/mean_centering/mlp_model_059.joblib,11.150888547833217,12.62480895312469,22.864105231814015,8.768197287146323,10.10504570575482,20.462374869562904,-8.68582594642114,-8.40232646264595,-20.462374869562904,1.5700373366536993,1.3053202924432759,0.7534686609637397,0.5943233238344676,0.41309768734412644,-0.7614471334925679,tanh,0.0001,"(100,)",0.001,10000,0.001
mlp,60,/home/aline/Documentos/coffee-nir-moisture/output/models/mlp/mean_centering/mlp_model_060.joblib,20.641365208246143,21.646810288366968,29.208166218518507,17.17988602132462,17.746028023640118,25.121729106713442,-16.21037150068415,-17.746028023640118,-24.816209188698053,0.8481663485111053,0.7612862632047583,0.5898140480392934,-0.390074014354862,-0.7254564935184336,-1.874549393152836,tanh,0.0001,"(100,)",0.01,5000,0.0001
mlp,61,/home/aline/Documentos/coffee-nir-moisture/output/models/mlp/mean_centering/mlp_model_061.joblib,20.641365208246143,21.646810288366968,29.208166218518507,17.17988602132462,17.746028023640118,25.121729106713442,-16.21037150068415,-17.746028023640118,-24.816209188698053,0.8481663485111053,0.7612862632047583,0.5898140480392934,-0.390074014354862,-0.7254564935184336,-1.874549393152836,tanh,0.0001,"(100,)",0.01,5000,0.001
mlp,62,/home/aline/Documentos/coffee-nir-moisture/output/models/mlp/mean_centering/mlp_model_062.joblib,20.641365208246143,21.646810288366968,29.208166218518507,17.17988602132462,17.746028023640118,25.121729106713442,-16.21037150068415,-17.746028023640118,-24.816209188698053,0.8481663485111053,0.7612862632047583,0.5898140480392934,-0.390074014354862,-0.7254564935184336,-1.874549393152836,tanh,0.0001,"(100,)",0.01,10000,0.0001
mlp,63,/home/aline/Documentos/coffee-nir-moisture/output/models/mlp/mean_centering/mlp_model_063.joblib,20.641365208246143,21.646810288366968,29.208166218518507,17.17988602132462,17.746028023640118,25.121729106713442,-16.21037150068415,-17.746028023640118,-24.816209188698053,0.8481663485111053,0.7612862632047583,0.5898140480392934,-0.390074014354862,-0.7254564935184336,-1.874549393152836,tanh,0.0001,"(100,)",0.01,10000,0.001
mlp,64,/home/aline/Documentos/coffee-nir-moisture/output/models/mlp/mean_centering/mlp_model_064.joblib,4.128926591973524,15.204736481344185,29.169967172622915,2.840885813227402,9.095845901927369,20.11077784674245,-2.443745793999573,-6.053050262865594,-20.11077784674245,4.24016047923832,1.0838345889751542,0.5905864292270262,0.9443794329307877,0.1487169494381798,-1.8670355190725858,tanh,0.0001,"(50, 50)",0.001,5000,0.0001
mlp,65,/home/aline/Documentos/coffee-nir-moisture/output/models/mlp/mean_centering/mlp_model_065.joblib,6.939780819119069,13.48646234300989,29.9153355314424,4.766378272383488,9.01369331618642,22.934315274709977,-3.9866554003597243,-6.8464072405500405,-22.934315274709977,2.522747016552702,1.2219230585161263,0.5758714200294415,0.842872356415263,0.3302506830338935,-2.015427902468314,tanh,0.0001,"(50, 50)",0.001,5000,0.001
mlp,66,/home/aline/Documentos/coffee-nir-moisture/output/models/mlp/mean_centering/mlp_model_066.joblib,4.128926591973524,15.204736481344185,29.169967172622915,2.840885813227402,9.095845901927369,20.11077784674245,-2.443745793999573,-6.053050262865594,-20.11077784674245,4.24016047923832,1.0838345889751542,0.5905864292270262,0.9443794329307877,0.1487169494381798,-1.8670355190725858,tanh,0.0001,"(50, 50)",0.001,10000,0.0001
mlp,67,/home/aline/Documentos/coffee-nir-moisture/output/models/mlp/mean_centering/mlp_model_067.joblib,6.939780819119069,13.48646234300989,29.9153355314424,4.766378272383488,9.01369331618642,22.934315274709977,-3.9866554003597243,-6.8464072405500405,-22.934315274709977,2.522747016552702,1.2219230585161263,0.5758714200294415,0.842872356415263,0.3302506830338935,-2.015427902468314,tanh,0.0001,"(50, 50)",0.001,10000,0.001
mlp,68,/home/aline/Documentos/coffee-nir-moisture/output/models/mlp/mean_centering/mlp_model_068.joblib,2.3059172364565783,3.950183468571751,20.59476209704685,1.6592517283887818,2.661105442807542,8.574646724400532,-0.1538250152008374,1.6274553084483416,-8.339013618077903,7.5923415984630775,4.171811118609027,0.836493603177831,0.9826520356785454,0.9425419708228833,-0.4291399237786653,tanh,0.0001,"(50, 50)",0.01,5000,0.0001
mlp,69,/home/aline/Documentos/coffee-nir-moisture/output/models/mlp/mean_centering/mlp_model_069.joblib,2.564076827415379,4.275347571517376,19.922742084341028,1.887085026719659,2.969295656287678,8.507811941821375,-0.3061871695484795,1.3900818128853916,-8.378008818761414,6.827919963150982,3.8545215421829315,0.8647096208051303,0.9785502044690508,0.932693184126759,-0.3373941464321246,tanh,0.0001,"(50, 50)",0.01,5000,0.001
mlp,70,/home/aline/Documentos/coffee-nir-moisture/output/models/mlp/mean_centering/mlp_model_070.joblib,2.3059172364565783,3.950183468571751,20.59476209704685,1.6592517283887818,2.661105442807542,8.574646724400532,-0.1538250152008374,1.6274553084483416,-8.339013618077903,7.5923415984630775,4.171811118609027,0.836493603177831,0.9826520356785454,0.9425419708228833,-0.4291399237786653,tanh,0.0001,"(50, 50)",0.01,10000,0.0001
mlp,71,/home/aline/Documentos/coffee-nir-moisture/output/models/mlp/mean_centering/mlp_model_071.joblib,2.564076827415379,4.275347571517376,19.922742084341028,1.887085026719659,2.969295656287678,8.507811941821375,-0.3061871695484795,1.3900818128853916,-8.378008818761414,6.827919963150982,3.8545215421829315,0.8647096208051303,0.9785502044690508,0.932693184126759,-0.3373941464321246,tanh,0.0001,"(50, 50)",0.01,10000,0.001
mlp,72,/home/aline/Documentos/coffee-nir-moisture/output/models/mlp/mean_centering/mlp_model_072.joblib,25.039911895057767,26.908197020827007,30.92123575471253,21.86058354281995,22.360132021590392,29.310158975647514,-21.81807391002724,-22.360132021590392,-29.310158975647514,0.6991762363356315,0.6124311971544618,0.5571377188741046,-1.0456281053261236,-1.6661549693316529,-2.2216241828272043,tanh,0.001,"(50,)",0.001,5000,0.0001
mlp,73,/home/aline/Documentos/coffee-nir-moisture/output/models/mlp/mean_centering/mlp_model_073.joblib,25.039911895057767,26.908197020827007,30.92123575471253,21.86058354281995,22.360132021590392,29.310158975647514,-21.81807391002724,-22.360132021590392,-29.310158975647514,0.6991762363356315,0.6124311971544618,0.5571377188741046,-1.0456281053261236,-1.6661549693316529,-2.2216241828272043,tanh,0.001,"(50,)",0.001,5000,0.001
mlp,74,/home/aline/Documentos/coffee-nir-moisture/output/models/mlp/mean_centering/mlp_model_074.joblib,25.039911895057767,26.908197020827007,30.92123575471253,21.86058354281995,22.360132021590392,29.310158975647514,-21.81807391002724,-22.360132021590392,-29.310158975647514,0.6991762363356315,0.6124311971544618,0.5571377188741046,-1.0456281053261236,-1.6661549693316529,-2.2216241828272043,tanh,0.001,"(50,)",0.001,10000,0.0001
mlp,75,/home/aline/Documentos/coffee-nir-moisture/output/models/mlp/mean_centering/mlp_model_075.joblib,25.039911895057767,26.908197020827007,30.92123575471253,21.86058354281995,22.360132021590392,29.310158975647514,-21.81807391002724,-22.360132021590392,-29.310158975647514,0.6991762363356315,0.6124311971544618,0.5571377188741046,-1.0456281053261236,-1.6661549693316529,-2.2216241828272043,tanh,0.001,"(50,)",0.001,10000,0.001
mlp,76,/home/aline/Documentos/coffee-nir-moisture/output/models/mlp/mean_centering/mlp_model_076.joblib,16.043868603997083,15.534969134301749,19.669203431791423,14.027722536949982,14.107047591011465,17.47674195026875,-12.703272923431502,-12.740353252941821,-17.44870100700913,1.091215079672282,1.0607951114847134,0.8758558430131561,0.160193402494062,0.11133724106606202,-0.3035711395734102,tanh,0.001,"(50,)",0.01,5000,0.0001
mlp,77,/home/aline/Documentos/coffee-nir-moisture/output/models/mlp/mean_centering/mlp_model_077.joblib,21.057217858130105,20.723828424297835,26.418335129896462,18.479078475944352,17.27796745611763,24.632698117858734,-18.479078475944352,-17.27796745611763,-24.632698117858734,0.8314161668894355,0.7951918428069866,0.6520996371816583,-0.44664866228856304,-0.5814525552375713,-1.3516467370783967,tanh,0.001,"(50,)",0.01,5000,0.001
mlp,78,/home/aline/Documentos/coffee-nir-moisture/output/models/mlp/mean_centering/mlp_model_078.joblib,16.043868603997083,15.534969134301749,19.669203431791423,14.027722536949982,14.107047591011465,17.47674195026875,-12.703272923431502,-12.740353252941821,-17.44870100700913,1.091215079672282,1.0607951114847134,0.8758558430131561,0.160193402494062,0.11133724106606202,-0.3035711395734102,tanh,0.001,"(50,)",0.01,10000,0.0001
mlp,79,/home/aline/Documentos/coffee-nir-moisture/output/models/mlp/mean_centering/mlp_model_079.joblib,21.057217858130105,20.723828424297835,26.418335129896462,18.479078475944352,17.27796745611763,24.632698117858734,-18.479078475944352,-17.27796745611763,-24.632698117858734,0.8314161668894355,0.7951918428069866,0.6520996371816583,-0.44664866228856304,-0.5814525552375713,-1.3516467370783967,tanh,0.001,"(50,)",0.01,10000,0.001
mlp,80,/home/aline/Documentos/coffee-nir-moisture/output/models/mlp/mean_centering/mlp_model_080.joblib,21.575709094782198,22.25083425525592,29.95431584216048,17.938333663204535,17.131074067101093,26.88067160774444,-17.62401053281737,-16.665526990902947,-26.88067160774444,0.8114361979971363,0.7406202898141028,0.5751220239489336,-0.5187673240940793,-0.8230928534980844,-2.0232913540760427,tanh,0.001,"(100,)",0.001,5000,0.0001
mlp,81,/home/aline/Documentos/coffee-nir-moisture/output/models/mlp/mean_centering/mlp_model_081.joblib,21.575709094782198,22.25083425525592,29.95431584216048,17.938333663204535,17.131074067101093,26.88067160774444,-17.62401053281737,-16.665526990902947,-26.88067160774444,0.8114361979971363,0.7406202898141028,0.5751220239489336,-0.5187673240940793,-0.8230928534980844,-2.0232913540760427,tanh,0.001,"(100,)",0.001,5000,0.001
mlp,82,/home/aline/Documentos/coffee-nir-moisture/output/models/mlp/mean_centering/mlp_model_082.joblib,21.575709094782198,22.25083425525592,29.95431584216048,17.938333663204535,17.131074067101093,26.88067160774444,-17.62401053281737,-16.665526990902947,-26.88067160774444,0.8114361979971363,0.7406202898141028,0.5751220239489336,-0.5187673240940793,-0.8230928534980844,-2.0232913540760427,tanh,0.001,"(100,)",0.001,10000,0.0001
mlp,83,/home/aline/Documentos/coffee-nir-moisture/output/models/mlp/mean_centering/mlp_model_083.joblib,21.575709094782198,22.25083425525592,29.95431584216048,17.938333663204535,17.131074067101093,26.88067160774444,-17.62401053281737,-16.665526990902947,-26.88067160774444,0.8114361979971363,0.7406202898141028,0.5751220239489336,-0.5187673240940793,-0.8230928534980844,-2.0232913540760427,tanh,0.001,"(100,)",0.001,10000,0.001
mlp,84,/home/aline/Documentos/coffee-nir-moisture/output/models/mlp/mean_centering/mlp_model_084.joblib,7.999611383259409,8.979508727879356,10.274314083918144,6.64561751809403,8.021655287211214,9.157131364602488,-6.066007962941878,-3.93845543971418,-9.157131364602488,2.1885202315701764,1.835225045616172,1.6767432465505494,0.7912152045175402,0.7030923790987265,0.644313920597479,tanh,0.001,"(100,)",0.01,5000,0.0001
mlp,85,/home/aline/Documentos/coffee-nir-moisture/output/models/mlp/mean_centering/mlp_model_085.joblib,17.4655338890546,16.819354321658675,24.852017021918616,14.13931736186166,12.901855778795987,20.353123097117816,-13.33562235495087,-12.061426020612094,-20.347109834158825,1.0023919948953797,0.9797890572714955,0.6931987346522008,0.004766879453334538,-0.04168121032787431,-1.0810594042768416,tanh,0.001,"(100,)",0.01,5000,0.001
mlp,86,/home/aline/Documentos/coffee-nir-moisture/output/models/mlp/mean_centering/mlp_model_086.joblib,7.999611383259409,8.979508727879356,10.274314083918144,6.64561751809403,8.021655287211214,9.157131364602488,-6.066007962941878,-3.93845543971418,-9.157131364602488,2.1885202315701764,1.835225045616172,1.6767432465505494,0.7912152045175402,0.7030923790987265,0.644313920597479,tanh,0.001,"(100,)",0.01,10000,0.0001
mlp,87,/home/aline/Documentos/coffee-nir-moisture/output/models/mlp/mean_centering/mlp_model_087.joblib,17.4655338890546,16.819354321658675,24.852017021918616,14.13931736186166,12.901855778795987,20.353123097117816,-13.33562235495087,-12.061426020612094,-20.347109834158825,1.0023919948953797,0.9797890572714955,0.6931987346522008,0.004766879453334538,-0.04168121032787431,-1.0810594042768416,tanh,0.001,"(100,)",0.01,10000,0.001
mlp,88,/home/aline/Documentos/coffee-nir-moisture/output/models/mlp/mean_centering/mlp_model_088.joblib,4.129229393655036,15.204324650317982,29.16992080292157,2.8409520071941765,9.095740940853865,20.110759037429506,-2.4441377296352496,-6.052761550285316,-20.110759037429506,4.2398495428381855,1.0838639461956343,0.5905873680474134,0.9443712745785244,0.14876306401896366,-1.867026403980045,tanh,0.001,"(50, 50)",0.001,5000,0.0001
mlp,89,/home/aline/Documentos/coffee-nir-moisture/output/models/mlp/mean_centering/mlp_model_089.joblib,6.939792263001924,13.486521120381461,29.915835842083368,4.766430234137273,9.013736808885232,22.934659826057636,-3.986709127735052,-6.846454620725084,-22.934659826057636,2.522742856482741,1.2219177330934319,0.5758617891904173,0.8428718381995223,0.3302448451515424,-2.0155287646686126,tanh,0.001,"(50, 50)",0.001,5000,0.001
mlp,90,/home/aline/Documentos/coffee-nir-moisture/output/models/mlp/mean_centering/mlp_model_090.joblib,4.129229393655036,15.204324650317982,29.16992080292157,2.8409520071941765,9.095740940853865,20.110759037429506,-2.4441377296352496,-6.052761550285316,-20.110759037429506,4.2398495428381855,1.0838639461956343,0.5905873680474134,0.9443712745785244,0.14876306401896366,-1.867026403980045,tanh,0.001,"(50, 50)",0.001,10000,0.0001
mlp,91,/home/aline/Documentos/coffee-nir-moisture/output/models/mlp/mean_centering/mlp_model_091.joblib,6.939792263001924,13.486521120381461,29.915835842083368,4.766430234137273,9.013736808885232,22.934659826057636,-3.986709127735052,-6.846454620725084,-22.934659826057636,2.522742856482741,1.2219177330934319,0.5758617891904173,0.8428718381995223,0.3302448451515424,-2.0155287646686126,tanh,0.001,"(50, 50)",0.001,10000,0.001
mlp,92,/home/aline/Documentos/coffee-nir-moisture/output/models/mlp/mean_centering/mlp_model_092.joblib,2.0695480359279794,3.726290608190865,21.075855690944568,1.5149510098940973,2.448514356830574,8.656026446014927,-0.16236048377225293,1.5091641354119574,-8.54014227463234,8.459485381846704,4.422472922135844,0.8173991607159677,0.9860262775983839,0.9488707249505061,-0.49668920089567337,tanh,0.001,"(50, 50)",0.01,5000,0.0001
mlp,93,/home/aline/Documentos/coffee-nir-moisture/output/models/mlp/mean_centering/mlp_model_093.joblib,2.1385146887361977,3.6106264271244233,20.748369918629574,1.6298910928777697,2.5181066750680503,8.62739506101849,-0.23298887895868525,1.2831800647889688,-8.556716868670472,8.186668742176671,4.564144102788766,0.8303007330556986,0.9850794248536723,0.9519955714363642,-0.4505381560330284,tanh,0.001,"(50, 50)",0.01,5000,0.001
mlp,94,/home/aline/Documentos/coffee-nir-moisture/output/models/mlp/mean_centering/mlp_model_094.joblib,2.0695480359279794,3.726290608190865,21.075855690944568,1.5149510098940973,2.448514356830574,8.656026446014927,-0.16236048377225293,1.5091641354119574,-8.54014227463234,8.459485381846704,4.422472922135844,0.8173991607159677,0.9860262775983839,0.9488707249505061,-0.49668920089567337,tanh,0.001,"(50, 50)",0.01,10000,0.0001
mlp,95,/home/aline/Documentos/coffee-nir-moisture/output/models/mlp/mean_centering/mlp_model_095.joblib,2.1385146887361977,3.6106264271244233,20.748369918629574,1.6298910928777697,2.5181066750680503,8.62739506101849,-0.23298887895868525,1.2831800647889688,-8.556716868670472,8.186668742176671,4.564144102788766,0.8303007330556986,0.9850794248536723,0.9519955714363642,-0.4505381560330284,tanh,0.001,"(50, 50)",0.01,10000,0.001
