algo,model_id,model_path,cv_mean_neg_mse,cv_std_neg_mse,train_rmse,test_rmse,train_mae,test_mae,train_bias,test_bias,train_rpd,test_rpd,train_r2,test_r2,param_bootstrap,param_max_depth,param_max_features,param_min_samples_leaf,param_min_samples_split,param_n_estimators,rank_by_test_rmse
random_forest,56,/home/aline/Documentos/coffee-nir-moisture/output/models/random_forest/snv/random_forest_model_056.joblib,-1.9200611443370292,1.392449122115013,4.982071899766756e-14,1.1595327678466192,3.679166199571366e-14,0.7564427520702713,-4.395730483939603e-15,-0.00031199753922983575,357800109437892.94,13.435820547451828,1.0,0.9944604866836899,False,,log2,1,2,100,1
random_forest,88,/home/aline/Documentos/coffee-nir-moisture/output/models/random_forest/snv/random_forest_model_088.joblib,-1.9200611443370292,1.392449122115013,4.982071899766756e-14,1.1595327678466192,3.679166199571366e-14,0.7564427520702713,-4.395730483939603e-15,-0.00031199753922983575,357800109437892.94,13.435820547451828,1.0,0.9944604866836899,False,20.0,log2,1,2,100,2
random_forest,72,/home/aline/Documentos/coffee-nir-moisture/output/models/random_forest/snv/random_forest_model_072.joblib,-1.9181806778204393,1.3790729839877747,0.00024345401425121348,1.193243786478521,7.915124689548287e-05,0.7822775542842476,-4.154868539614145e-15,0.012465965809359578,73220.63989976338,13.056237429615754,0.9999999998134768,0.9941337046901738,False,10.0,log2,1,2,100,3
random_forest,83,/home/aline/Documentos/coffee-nir-moisture/output/models/random_forest/snv/random_forest_model_083.joblib,-2.1075753723714055,1.560566835105019,0.010783560868768614,1.2961168491214285,0.002331755958276087,0.8264137089472132,-6.575531080084995e-14,-0.004425398878601351,1653.0586627713371,12.01996116186414,0.9999996340485533,0.9930786012339144,False,20.0,sqrt,1,5,300,4
random_forest,51,/home/aline/Documentos/coffee-nir-moisture/output/models/random_forest/snv/random_forest_model_051.joblib,-2.1075753723714055,1.560566835105019,0.010783560868768614,1.2961168491214285,0.002331755958276087,0.8264137089472132,-6.575531080084995e-14,-0.004425398878601351,1653.0586627713371,12.01996116186414,0.9999996340485533,0.9930786012339144,False,,sqrt,1,5,300,5
random_forest,67,/home/aline/Documentos/coffee-nir-moisture/output/models/random_forest/snv/random_forest_model_067.joblib,-2.1075753723714055,1.560566835105019,0.010783560868768614,1.2989287686742013,0.002331755958276087,0.8267073985087354,-6.575531080084995e-14,-0.000457115374996851,1653.0586627713371,11.99394036331865,0.9999996340485533,0.9930485367712115,False,10.0,sqrt,1,5,300,6
random_forest,87,/home/aline/Documentos/coffee-nir-moisture/output/models/random_forest/snv/random_forest_model_087.joblib,-2.205940068534879,1.4820350660739894,0.06906274759732778,1.2992311571847368,0.01800477396664063,0.8387989297132953,-5.6120833027831644e-14,-0.002173201772933326,258.1110559570279,11.9911488433171,0.999984989789426,0.9930452998157471,False,20.0,sqrt,2,5,300,7
random_forest,71,/home/aline/Documentos/coffee-nir-moisture/output/models/random_forest/snv/random_forest_model_071.joblib,-2.205940068534879,1.4820350660739894,0.06906274759732778,1.2992311571847368,0.01800477396664063,0.8387989297132953,-5.6120833027831644e-14,-0.002173201772933326,258.1110559570279,11.9911488433171,0.999984989789426,0.9930452998157471,False,10.0,sqrt,2,5,300,8
random_forest,55,/home/aline/Documentos/coffee-nir-moisture/output/models/random_forest/snv/random_forest_model_055.joblib,-2.205940068534879,1.4820350660739894,0.06906274759732778,1.2992311571847368,0.01800477396664063,0.8387989297132953,-5.6120833027831644e-14,-0.002173201772933326,258.1110559570279,11.9911488433171,0.999984989789426,0.9930452998157471,False,,sqrt,2,5,300,9
random_forest,74,/home/aline/Documentos/coffee-nir-moisture/output/models/random_forest/snv/random_forest_model_074.joblib,-1.8921855009539563,1.294397966971856,0.03999446407983237,1.3073601383318234,0.01770494154862078,0.8095392874739541,-4.275299511776874e-15,0.016321024119609007,445.70815285980643,11.916589569233977,0.9999949661665363,0.9929579997410193,False,10.0,log2,1,5,100,10
random_forest,69,/home/aline/Documentos/coffee-nir-moisture/output/models/random_forest/snv/random_forest_model_069.joblib,-2.1520228678818047,1.4603103336597338,0.06912132827123336,1.3080083518289514,0.018010683248393368,0.8402854448602941,-5.80477285824353e-14,-0.010908235060346121,257.89230553688094,11.9106840303376,0.9999849643145873,0.9929510149001675,False,10.0,sqrt,2,2,300,11
random_forest,85,/home/aline/Documentos/coffee-nir-moisture/output/models/random_forest/snv/random_forest_model_085.joblib,-2.1520228678818047,1.4603103336597338,0.06912132827123336,1.3080083518289514,0.018010683248393368,0.8402854448602941,-5.80477285824353e-14,-0.010908235060346121,257.89230553688094,11.9106840303376,0.9999849643145873,0.9929510149001675,False,20.0,sqrt,2,2,300,12
random_forest,53,/home/aline/Documentos/coffee-nir-moisture/output/models/random_forest/snv/random_forest_model_053.joblib,-2.1520228678818047,1.4603103336597338,0.06912132827123336,1.3080083518289514,0.018010683248393368,0.8402854448602941,-5.80477285824353e-14,-0.010908235060346121,257.89230553688094,11.9106840303376,0.9999849643145873,0.9929510149001675,False,,sqrt,2,2,300,13
random_forest,58,/home/aline/Documentos/coffee-nir-moisture/output/models/random_forest/snv/random_forest_model_058.joblib,-1.8923327574544317,1.2944843044373784,0.03947181788713986,1.3132653225206312,0.017481623658321902,0.8128721045526112,-4.154868539614145e-15,0.013670290541665813,451.60977284118775,11.863005837826458,0.999995096870803,0.9928942403789943,False,,log2,1,5,100,14
random_forest,90,/home/aline/Documentos/coffee-nir-moisture/output/models/random_forest/snv/random_forest_model_090.joblib,-1.8923327574544317,1.2944843044373784,0.03947181788713986,1.3132653225206312,0.017481623658321902,0.8128721045526112,-4.154868539614145e-15,0.013670290541665813,451.60977284118775,11.863005837826458,0.999995096870803,0.9928942403789943,False,20.0,log2,1,5,100,15
random_forest,82,/home/aline/Documentos/coffee-nir-moisture/output/models/random_forest/snv/random_forest_model_082.joblib,-1.9798355674895187,1.608123904170297,0.009988026279760774,1.3413276720119067,0.0021160245281135882,0.8092744302529151,-4.395730483939603e-15,0.006107032636471261,1784.722848172854,11.614816060798454,0.9999996860514851,0.9925873187238825,False,20.0,sqrt,1,5,100,16
random_forest,50,/home/aline/Documentos/coffee-nir-moisture/output/models/random_forest/snv/random_forest_model_050.joblib,-1.9798355674895187,1.608123904170297,0.009988026279760774,1.3413276720119067,0.0021160245281135882,0.8092744302529151,-4.395730483939603e-15,0.006107032636471261,1784.722848172854,11.614816060798454,0.9999996860514851,0.9925873187238825,False,,sqrt,1,5,100,17
random_forest,66,/home/aline/Documentos/coffee-nir-moisture/output/models/random_forest/snv/random_forest_model_066.joblib,-1.9798355674895187,1.608123904170297,0.009988026279760774,1.345465938483937,0.0021160245281135882,0.8097340218169993,-4.395730483939603e-15,0.020743604263471407,1784.722848172854,11.57909222527917,0.9999996860514851,0.9925415089321085,False,10.0,sqrt,1,5,100,18
random_forest,86,/home/aline/Documentos/coffee-nir-moisture/output/models/random_forest/snv/random_forest_model_086.joblib,-2.0629793109666004,1.5983848741627564,0.06845995544303261,1.3462503057798538,0.01732163961908366,0.8314235068434244,-4.2150840256955097e-16,0.0329552183049688,260.3837322750428,11.572345886044243,0.9999852506695974,0.9925328102329443,False,20.0,sqrt,2,5,100,19
random_forest,54,/home/aline/Documentos/coffee-nir-moisture/output/models/random_forest/snv/random_forest_model_054.joblib,-2.0629793109666004,1.5983848741627564,0.06845995544303261,1.3462503057798538,0.01732163961908366,0.8314235068434244,-4.2150840256955097e-16,0.0329552183049688,260.3837322750428,11.572345886044243,0.9999852506695974,0.9925328102329443,False,,sqrt,2,5,100,20
random_forest,70,/home/aline/Documentos/coffee-nir-moisture/output/models/random_forest/snv/random_forest_model_070.joblib,-2.0629793109666004,1.5983848741627564,0.06845995544303261,1.3462503057798538,0.01732163961908366,0.8314235068434244,-4.2150840256955097e-16,0.0329552183049688,260.3837322750428,11.572345886044243,0.9999852506695974,0.9925328102329443,False,10.0,sqrt,2,5,100,21
random_forest,65,/home/aline/Documentos/coffee-nir-moisture/output/models/random_forest/snv/random_forest_model_065.joblib,-2.216996222562604,1.6773559531441582,1.7557781768971026e-05,1.3511809320435026,4.337054746676327e-06,0.867983244133406,-6.756177538329089e-14,0.011979484887964251,1015268.2693176365,11.530116965250146,0.9999999999990299,0.9924780130760846,False,10.0,sqrt,1,2,300,22
random_forest,68,/home/aline/Documentos/coffee-nir-moisture/output/models/random_forest/snv/random_forest_model_068.joblib,-1.9885540188709563,1.4987310926744846,0.06852594823016894,1.3555877319249319,0.017316760432633447,0.8260212214148518,1.8064645824409328e-16,0.0341154363131464,260.1329740051963,11.492634390807563,0.9999852222203075,0.9924288679982061,False,10.0,sqrt,2,2,100,23
random_forest,84,/home/aline/Documentos/coffee-nir-moisture/output/models/random_forest/snv/random_forest_model_084.joblib,-1.9885540188709563,1.4987310926744846,0.06852594823016894,1.3555877319249319,0.017316760432633447,0.8260212214148518,1.8064645824409328e-16,0.0341154363131464,260.1329740051963,11.492634390807563,0.9999852222203075,0.9924288679982061,False,20.0,sqrt,2,2,100,24
random_forest,52,/home/aline/Documentos/coffee-nir-moisture/output/models/random_forest/snv/random_forest_model_052.joblib,-1.9885540188709563,1.4987310926744846,0.06852594823016894,1.3555877319249319,0.017316760432633447,0.8260212214148518,1.8064645824409328e-16,0.0341154363131464,260.1329740051963,11.492634390807563,0.9999852222203075,0.9924288679982061,False,,sqrt,2,2,100,25
random_forest,81,/home/aline/Documentos/coffee-nir-moisture/output/models/random_forest/snv/random_forest_model_081.joblib,-2.2168848909398973,1.6776348105130445,1.9170682130412515e-13,1.362143547136252,1.480698802740751e-13,0.871762995715468,-6.744134441112815e-14,0.016734102874377044,92984999638384.73,11.43732187435818,1.0,0.9923554607785989,False,20.0,sqrt,1,2,300,26
random_forest,49,/home/aline/Documentos/coffee-nir-moisture/output/models/random_forest/snv/random_forest_model_049.joblib,-2.2168848909398973,1.6776348105130445,1.9170682130412515e-13,1.362143547136252,1.480698802740751e-13,0.871762995715468,-6.744134441112815e-14,0.016734102874377044,92984999638384.73,11.43732187435818,1.0,0.9923554607785989,False,,sqrt,1,2,300,27
random_forest,78,/home/aline/Documentos/coffee-nir-moisture/output/models/random_forest/snv/random_forest_model_078.joblib,-2.118309259651906,1.2505560352679366,0.10585445836519651,1.3711921365113435,0.05386483260223718,0.8667561708718058,-3.462390449678454e-15,-0.022853267459416595,168.3996969512704,11.361846216034227,0.9999647371517043,0.9922535595524052,False,10.0,log2,2,5,100,28
random_forest,62,/home/aline/Documentos/coffee-nir-moisture/output/models/random_forest/snv/random_forest_model_062.joblib,-2.118309259651906,1.2505560352679366,0.10585445836519651,1.3711921365113435,0.05386483260223718,0.8667561708718058,-3.462390449678454e-15,-0.022853267459416595,168.3996969512704,11.361846216034227,0.9999647371517043,0.9922535595524052,False,,log2,2,5,100,29
random_forest,94,/home/aline/Documentos/coffee-nir-moisture/output/models/random_forest/snv/random_forest_model_094.joblib,-2.118309259651906,1.2505560352679366,0.10585445836519651,1.3711921365113435,0.05386483260223718,0.8667561708718058,-3.462390449678454e-15,-0.022853267459416595,168.3996969512704,11.361846216034227,0.9999647371517043,0.9922535595524052,False,20.0,log2,2,5,100,30
random_forest,89,/home/aline/Documentos/coffee-nir-moisture/output/models/random_forest/snv/random_forest_model_089.joblib,-2.1534887805948197,1.5836785827034112,1.9170682130412515e-13,1.3820524942993802,1.480698802740751e-13,0.8520153184281009,-6.744134441112815e-14,-0.1173664236236535,92984999638384.73,11.272563272334368,1.0,0.9921303641522539,False,20.0,log2,1,2,300,31
random_forest,57,/home/aline/Documentos/coffee-nir-moisture/output/models/random_forest/snv/random_forest_model_057.joblib,-2.1534887805948197,1.5836785827034112,1.9170682130412515e-13,1.3820524942993802,1.480698802740751e-13,0.8520153184281009,-6.744134441112815e-14,-0.1173664236236535,92984999638384.73,11.272563272334368,1.0,0.9921303641522539,False,,log2,1,2,300,32
random_forest,75,/home/aline/Documentos/coffee-nir-moisture/output/models/random_forest/snv/random_forest_model_075.joblib,-2.1079972330218477,1.609730953451751,0.04412998445633301,1.3943294961420802,0.01994269479015034,0.8493920370842546,-5.88907453875744e-14,-0.09955736948023512,403.93983658160585,11.173308913555243,0.9999938713244704,0.9919899285897539,False,10.0,log2,1,5,300,33
random_forest,60,/home/aline/Documentos/coffee-nir-moisture/output/models/random_forest/snv/random_forest_model_060.joblib,-2.204721676761481,1.3470760502623802,0.10485152176777555,1.3969416634187146,0.04949474418382572,0.8770090450243223,-1.6258181241968394e-15,-0.01869994648260206,170.01049111257112,11.152415734777621,0.9999654021942364,0.9919598879919082,False,,log2,2,2,100,34
random_forest,76,/home/aline/Documentos/coffee-nir-moisture/output/models/random_forest/snv/random_forest_model_076.joblib,-2.204721676761481,1.3470760502623802,0.10485152176777555,1.3969416634187146,0.04949474418382572,0.8770090450243223,-1.6258181241968394e-15,-0.01869994648260206,170.01049111257112,11.152415734777621,0.9999654021942364,0.9919598879919082,False,10.0,log2,2,2,100,35
random_forest,92,/home/aline/Documentos/coffee-nir-moisture/output/models/random_forest/snv/random_forest_model_092.joblib,-2.204721676761481,1.3470760502623802,0.10485152176777555,1.3969416634187146,0.04949474418382572,0.8770090450243223,-1.6258181241968394e-15,-0.01869994648260206,170.01049111257112,11.152415734777621,0.9999654021942364,0.9919598879919082,False,20.0,log2,2,2,100,36
random_forest,73,/home/aline/Documentos/coffee-nir-moisture/output/models/random_forest/snv/random_forest_model_073.joblib,-2.144264713239103,1.5839484873503882,0.00021955879008505268,1.402477942952839,6.923797923932311e-05,0.8655606464833336,-6.720048246680269e-14,-0.09875303644776842,81189.45592082459,11.108391590726914,0.9999999998482947,0.9918960334830911,False,10.0,log2,1,2,300,37
random_forest,59,/home/aline/Documentos/coffee-nir-moisture/output/models/random_forest/snv/random_forest_model_059.joblib,-2.1082163871119373,1.609829527066347,0.04400296123204615,1.4036872776704157,0.019845912154159352,0.8585239682712567,-5.828859052676076e-14,-0.1028660590421655,405.1058885704692,11.09882125136372,0.9999939065551076,0.9918820516112516,False,,log2,1,5,300,38
random_forest,91,/home/aline/Documentos/coffee-nir-moisture/output/models/random_forest/snv/random_forest_model_091.joblib,-2.1082163871119373,1.609829527066347,0.04400296123204615,1.4036872776704157,0.019845912154159352,0.8585239682712567,-5.828859052676076e-14,-0.1028660590421655,405.1058885704692,11.09882125136372,0.9999939065551076,0.9918820516112516,False,20.0,log2,1,5,300,39
random_forest,64,/home/aline/Documentos/coffee-nir-moisture/output/models/random_forest/snv/random_forest_model_064.joblib,-2.132115448876155,1.664080763783864,2.040029895958706e-05,1.4289087744737963,4.337054659243442e-06,0.8709774651625061,-4.5161614561023315e-15,0.04180412532297227,873803.7979224197,10.902917293243195,0.9999999999986903,0.9915877036305404,False,10.0,sqrt,1,2,100,40
random_forest,80,/home/aline/Documentos/coffee-nir-moisture/output/models/random_forest/snv/random_forest_model_080.joblib,-2.1318034960175236,1.664415349065111,4.982071899766756e-14,1.4409224951638022,3.679166199571366e-14,0.8773599233032333,-4.395730483939603e-15,0.052817859533046504,357800109437892.94,10.812013997953626,1.0,0.9914456542145486,False,20.0,sqrt,1,2,100,41
random_forest,48,/home/aline/Documentos/coffee-nir-moisture/output/models/random_forest/snv/random_forest_model_048.joblib,-2.1318034960175236,1.664415349065111,4.982071899766756e-14,1.4409224951638022,3.679166199571366e-14,0.8773599233032333,-4.395730483939603e-15,0.052817859533046504,357800109437892.94,10.812013997953626,1.0,0.9914456542145486,False,,sqrt,1,2,100,42
random_forest,95,/home/aline/Documentos/coffee-nir-moisture/output/models/random_forest/snv/random_forest_model_095.joblib,-2.2937700603053304,1.5576411087022572,0.09810375072793166,1.4950938456559324,0.048915451002394056,0.9036019606444107,-4.8654112753742456e-14,-0.11841306824304595,181.70415073197262,10.420265077636184,0.9999697120204303,0.9907903639896292,False,20.0,log2,2,5,300,43
random_forest,63,/home/aline/Documentos/coffee-nir-moisture/output/models/random_forest/snv/random_forest_model_063.joblib,-2.2937700603053304,1.5576411087022572,0.09810375072793166,1.4950938456559324,0.048915451002394056,0.9036019606444107,-4.8654112753742456e-14,-0.11841306824304595,181.70415073197262,10.420265077636184,0.9999697120204303,0.9907903639896292,False,,log2,2,5,300,44
random_forest,79,/home/aline/Documentos/coffee-nir-moisture/output/models/random_forest/snv/random_forest_model_079.joblib,-2.2937700603053304,1.5576411087022572,0.09810375072793166,1.4950938456559324,0.048915451002394056,0.9036019606444107,-4.8654112753742456e-14,-0.11841306824304595,181.70415073197262,10.420265077636184,0.9999697120204303,0.9907903639896292,False,10.0,log2,2,5,300,45
random_forest,77,/home/aline/Documentos/coffee-nir-moisture/output/models/random_forest/snv/random_forest_model_077.joblib,-2.1746539812561285,1.4906372255171148,0.09551891408278514,1.5015946413489025,0.04441663766256566,0.9110556823753923,-5.783697438115053e-14,-0.13516892389483662,186.62124544454616,10.375153026440096,0.9999712870487796,0.9907101013062695,False,10.0,log2,2,2,300,46
random_forest,61,/home/aline/Documentos/coffee-nir-moisture/output/models/random_forest/snv/random_forest_model_061.joblib,-2.1746539812561285,1.4906372255171148,0.0963780661275141,1.5047218728353735,0.04495461191366776,0.9132065799121515,-5.783697438115053e-14,-0.13982179456069005,184.9576301526455,10.353590566422085,0.9999707682042422,0.9906713665978478,False,,log2,2,2,300,47
random_forest,93,/home/aline/Documentos/coffee-nir-moisture/output/models/random_forest/snv/random_forest_model_093.joblib,-2.1746539812561285,1.4906372255171148,0.0963780661275141,1.5047218728353735,0.04495461191366776,0.9132065799121515,-5.783697438115053e-14,-0.13982179456069005,184.9576301526455,10.353590566422085,0.9999707682042422,0.9906713665978478,False,20.0,log2,2,2,300,48
random_forest,16,/home/aline/Documentos/coffee-nir-moisture/output/models/random_forest/snv/random_forest_model_016.joblib,-2.409215006906221,1.3513786554465503,0.4971925190694386,1.8818909694501469,0.30992799439324786,1.2152956996792474,-0.025508780053794883,-0.17708337516491504,35.85303081993955,8.278521147391055,0.9992220561513359,0.985408683596794,True,10.0,sqrt,1,2,100,49
random_forest,0,/home/aline/Documentos/coffee-nir-moisture/output/models/random_forest/snv/random_forest_model_000.joblib,-2.4092742253943182,1.3513423173522006,0.5057989349440368,1.900088307669174,0.3144288386264463,1.2278043474002962,-0.028969132261671648,-0.17855618347733784,35.242973992446764,8.199236911671907,0.9991948905926722,0.985125131691138,True,,sqrt,1,2,100,50
random_forest,32,/home/aline/Documentos/coffee-nir-moisture/output/models/random_forest/snv/random_forest_model_032.joblib,-2.4092742253943182,1.3513423173522006,0.5057989349440368,1.900088307669174,0.3144288386264463,1.2278043474002962,-0.028969132261671648,-0.17855618347733784,35.242973992446764,8.199236911671907,0.9991948905926722,0.985125131691138,True,20.0,sqrt,1,2,100,51
random_forest,20,/home/aline/Documentos/coffee-nir-moisture/output/models/random_forest/snv/random_forest_model_020.joblib,-2.292216492966568,1.3627267907564262,0.6151787169406248,1.9196647262317814,0.4014604970706363,1.3345651353965908,-0.011636007043277304,-0.2279246376331207,28.976715576719897,8.11562247031477,0.9988090276357114,0.984817044186181,True,10.0,sqrt,2,2,100,52
random_forest,36,/home/aline/Documentos/coffee-nir-moisture/output/models/random_forest/snv/random_forest_model_036.joblib,-2.292216492966568,1.3627267907564262,0.6151787169406248,1.9196647262317814,0.4014604970706363,1.3345651353965908,-0.011636007043277304,-0.2279246376331207,28.976715576719897,8.11562247031477,0.9988090276357114,0.984817044186181,True,20.0,sqrt,2,2,100,53
random_forest,4,/home/aline/Documentos/coffee-nir-moisture/output/models/random_forest/snv/random_forest_model_004.joblib,-2.292216492966568,1.3627267907564262,0.6151787169406248,1.9196647262317814,0.4014604970706363,1.3345651353965908,-0.011636007043277304,-0.2279246376331207,28.976715576719897,8.11562247031477,0.9988090276357114,0.984817044186181,True,,sqrt,2,2,100,54
random_forest,6,/home/aline/Documentos/coffee-nir-moisture/output/models/random_forest/snv/random_forest_model_006.joblib,-2.5030168253285665,1.3859173386151142,0.6327626051321321,1.9350026597090857,0.42701885599133804,1.397643832236294,-0.0008600852153787874,-0.17953654841839903,28.17147942223546,8.051293423038256,0.9987399705639171,0.9845734542634498,True,,sqrt,2,5,100,55
random_forest,38,/home/aline/Documentos/coffee-nir-moisture/output/models/random_forest/snv/random_forest_model_038.joblib,-2.5030168253285665,1.3859173386151142,0.6327626051321321,1.9350026597090857,0.42701885599133804,1.397643832236294,-0.0008600852153787874,-0.17953654841839903,28.17147942223546,8.051293423038256,0.9987399705639171,0.9845734542634498,True,20.0,sqrt,2,5,100,56
random_forest,22,/home/aline/Documentos/coffee-nir-moisture/output/models/random_forest/snv/random_forest_model_022.joblib,-2.5030168253285665,1.3859173386151142,0.6327626051321321,1.9350026597090857,0.42701885599133804,1.397643832236294,-0.0008600852153787874,-0.17953654841839903,28.17147942223546,8.051293423038256,0.9987399705639171,0.9845734542634498,True,10.0,sqrt,2,5,100,57
random_forest,28,/home/aline/Documentos/coffee-nir-moisture/output/models/random_forest/snv/random_forest_model_028.joblib,-2.5510300594392836,1.4581901460623403,0.6371861830864323,1.972554923159834,0.41497036593058123,1.4332511915189678,0.01237991274311737,-0.12707997748369518,27.975902778202492,7.8980179485805495,0.9987222915119187,0.9839688836072114,True,10.0,log2,2,2,100,58
random_forest,12,/home/aline/Documentos/coffee-nir-moisture/output/models/random_forest/snv/random_forest_model_012.joblib,-2.5510300594392836,1.4581901460623403,0.6371861830864323,1.972554923159834,0.41497036593058123,1.4332511915189678,0.01237991274311737,-0.12707997748369518,27.975902778202492,7.8980179485805495,0.9987222915119187,0.9839688836072114,True,,log2,2,2,100,59
random_forest,44,/home/aline/Documentos/coffee-nir-moisture/output/models/random_forest/snv/random_forest_model_044.joblib,-2.5510300594392836,1.4581901460623403,0.6371861830864323,1.972554923159834,0.41497036593058123,1.4332511915189678,0.01237991274311737,-0.12707997748369518,27.975902778202492,7.8980179485805495,0.9987222915119187,0.9839688836072114,True,20.0,log2,2,2,100,60
random_forest,40,/home/aline/Documentos/coffee-nir-moisture/output/models/random_forest/snv/random_forest_model_040.joblib,-2.4852836742473037,1.4468699472170075,0.5049687962765742,1.9731210429346908,0.32880319754791576,1.3076242071862627,0.021407272730054237,-0.018732656234433116,35.30091134557281,7.89575188175263,0.99919753118339,0.9839596804826471,True,20.0,log2,1,2,100,61
random_forest,8,/home/aline/Documentos/coffee-nir-moisture/output/models/random_forest/snv/random_forest_model_008.joblib,-2.4852836742473037,1.4468699472170075,0.5049687962765742,1.9731210429346908,0.32880319754791576,1.3076242071862627,0.021407272730054237,-0.018732656234433116,35.30091134557281,7.89575188175263,0.99919753118339,0.9839596804826471,True,,log2,1,2,100,62
random_forest,10,/home/aline/Documentos/coffee-nir-moisture/output/models/random_forest/snv/random_forest_model_010.joblib,-2.8450818945270084,1.4705408163966622,0.600929828659128,1.9741753950140173,0.4032187538783654,1.4935865260156054,0.019959342969637833,0.01628177288052817,29.66379410623585,7.89153498064273,0.9988635597582364,0.9839425333716145,True,,log2,1,5,100,63
random_forest,26,/home/aline/Documentos/coffee-nir-moisture/output/models/random_forest/snv/random_forest_model_026.joblib,-2.8450818945270084,1.4705408163966622,0.600929828659128,1.9741753950140173,0.4032187538783654,1.4935865260156054,0.019959342969637833,0.01628177288052817,29.66379410623585,7.89153498064273,0.9988635597582364,0.9839425333716145,True,10.0,log2,1,5,100,64
random_forest,42,/home/aline/Documentos/coffee-nir-moisture/output/models/random_forest/snv/random_forest_model_042.joblib,-2.8450818945270084,1.4705408163966622,0.600929828659128,1.9741753950140173,0.4032187538783654,1.4935865260156054,0.019959342969637833,0.01628177288052817,29.66379410623585,7.89153498064273,0.9988635597582364,0.9839425333716145,True,20.0,log2,1,5,100,65
random_forest,17,/home/aline/Documentos/coffee-nir-moisture/output/models/random_forest/snv/random_forest_model_017.joblib,-2.6402524818788864,1.4642621668853155,0.5590560686572144,1.9755077806057895,0.3493178788169678,1.271943162612676,-0.0025347778937998555,-0.2602600134908951,31.885636717003248,7.886212517421678,0.9990164197208393,0.9839208514511901,True,10.0,sqrt,1,2,300,66
random_forest,1,/home/aline/Documentos/coffee-nir-moisture/output/models/random_forest/snv/random_forest_model_001.joblib,-2.644304545896817,1.4537989417364277,0.5591579676725662,1.9840478657439329,0.3500233591048492,1.2782468033209626,-0.004632127442175035,-0.2628320224993965,31.87982598877764,7.852267304970354,0.9990160611342801,0.9837815312125872,True,,sqrt,1,2,300,67
random_forest,33,/home/aline/Documentos/coffee-nir-moisture/output/models/random_forest/snv/random_forest_model_033.joblib,-2.644304545896817,1.4537989417364277,0.5591579676725662,1.9840478657439329,0.3500233591048492,1.2782468033209626,-0.004632127442175035,-0.2628320224993965,31.87982598877764,7.852267304970354,0.9990160611342801,0.9837815312125872,True,20.0,sqrt,1,2,300,68
random_forest,34,/home/aline/Documentos/coffee-nir-moisture/output/models/random_forest/snv/random_forest_model_034.joblib,-2.5122205169498515,1.3506220327567804,0.607022526002938,2.0082289246258553,0.4130963585458725,1.3897160432375093,0.0009695278807918294,-0.14028802106437435,29.366058006146684,7.757718254446417,0.9988403986951314,0.9833837891541657,True,20.0,sqrt,1,5,100,69
random_forest,18,/home/aline/Documentos/coffee-nir-moisture/output/models/random_forest/snv/random_forest_model_018.joblib,-2.5122205169498515,1.3506220327567804,0.607022526002938,2.0082289246258553,0.4130963585458725,1.3897160432375093,0.0009695278807918294,-0.14028802106437435,29.366058006146684,7.757718254446417,0.9988403986951314,0.9833837891541657,True,10.0,sqrt,1,5,100,70
random_forest,2,/home/aline/Documentos/coffee-nir-moisture/output/models/random_forest/snv/random_forest_model_002.joblib,-2.5122205169498515,1.3506220327567804,0.607022526002938,2.0082289246258553,0.4130963585458725,1.3897160432375093,0.0009695278807918294,-0.14028802106437435,29.366058006146684,7.757718254446417,0.9988403986951314,0.9833837891541657,True,,sqrt,1,5,100,71
random_forest,24,/home/aline/Documentos/coffee-nir-moisture/output/models/random_forest/snv/random_forest_model_024.joblib,-2.4721505271163458,1.452701898272933,0.5087988703665894,2.0104052777701673,0.3262469461648598,1.331493500892199,0.019985895907657928,-0.03108157590096296,35.03517744997436,7.749320179340647,0.9991853119294347,0.9833477550771951,True,10.0,log2,1,2,100,72
random_forest,46,/home/aline/Documentos/coffee-nir-moisture/output/models/random_forest/snv/random_forest_model_046.joblib,-2.739077159438953,1.5382127290960723,0.6650217688036862,2.0422249762705587,0.43702678087469227,1.5067917332703342,0.011955435941706047,-0.08376594851362551,26.80492511050738,7.628578814136155,0.9986082193198204,0.9828164565634567,True,20.0,log2,2,5,100,73
random_forest,14,/home/aline/Documentos/coffee-nir-moisture/output/models/random_forest/snv/random_forest_model_014.joblib,-2.739077159438953,1.5382127290960723,0.6650217688036862,2.0422249762705587,0.43702678087469227,1.5067917332703342,0.011955435941706047,-0.08376594851362551,26.80492511050738,7.628578814136155,0.9986082193198204,0.9828164565634567,True,,log2,2,5,100,74
random_forest,30,/home/aline/Documentos/coffee-nir-moisture/output/models/random_forest/snv/random_forest_model_030.joblib,-2.739077159438953,1.5382127290960723,0.6650217688036862,2.0422249762705587,0.43702678087469227,1.5067917332703342,0.011955435941706047,-0.08376594851362551,26.80492511050738,7.628578814136155,0.9986082193198204,0.9828164565634567,True,10.0,log2,2,5,100,75
random_forest,19,/home/aline/Documentos/coffee-nir-moisture/output/models/random_forest/snv/random_forest_model_019.joblib,-2.7121474542670536,1.531799938427479,0.6490574496355194,2.0796205222492405,0.4347880890906986,1.4431177922756748,0.011131555519234023,-0.22693473205737572,27.464223266600115,7.49140240779473,0.9986742386371508,0.9821813930735295,True,10.0,sqrt,1,5,300,76
random_forest,3,/home/aline/Documentos/coffee-nir-moisture/output/models/random_forest/snv/random_forest_model_003.joblib,-2.7121474542670536,1.531799938427479,0.6490574496355194,2.0796205222492405,0.4347880890906986,1.4431177922756748,0.011131555519234023,-0.22693473205737572,27.464223266600115,7.49140240779473,0.9986742386371508,0.9821813930735295,True,,sqrt,1,5,300,77
random_forest,35,/home/aline/Documentos/coffee-nir-moisture/output/models/random_forest/snv/random_forest_model_035.joblib,-2.7121474542670536,1.531799938427479,0.6490574496355194,2.0796205222492405,0.4347880890906986,1.4431177922756748,0.011131555519234023,-0.22693473205737572,27.464223266600115,7.49140240779473,0.9986742386371508,0.9821813930735295,True,20.0,sqrt,1,5,300,78
random_forest,37,/home/aline/Documentos/coffee-nir-moisture/output/models/random_forest/snv/random_forest_model_037.joblib,-2.62674646297953,1.5776169065912018,0.64282527418945,2.082290312489649,0.4242681328099062,1.4160056254935913,0.0062399415907321825,-0.31879738364719074,27.730488245218595,7.481797371976556,0.99869957602513,0.982135613106957,True,20.0,sqrt,2,2,300,79
random_forest,5,/home/aline/Documentos/coffee-nir-moisture/output/models/random_forest/snv/random_forest_model_005.joblib,-2.62674646297953,1.5776169065912018,0.64282527418945,2.082290312489649,0.4242681328099062,1.4160056254935913,0.0062399415907321825,-0.31879738364719074,27.730488245218595,7.481797371976556,0.99869957602513,0.982135613106957,True,,sqrt,2,2,300,80
random_forest,21,/home/aline/Documentos/coffee-nir-moisture/output/models/random_forest/snv/random_forest_model_021.joblib,-2.62674646297953,1.5776169065912018,0.64282527418945,2.082290312489649,0.4242681328099062,1.4160056254935913,0.0062399415907321825,-0.31879738364719074,27.730488245218595,7.481797371976556,0.99869957602513,0.982135613106957,True,10.0,sqrt,2,2,300,81
random_forest,23,/home/aline/Documentos/coffee-nir-moisture/output/models/random_forest/snv/random_forest_model_023.joblib,-2.6968518079955515,1.5720838897845697,0.6835223339276708,2.097110153187871,0.4577627323513515,1.4863121966175445,0.017135016425276758,-0.2614886689069973,26.0794092962678,7.428925068144294,0.9985297049355789,0.9818804234426544,True,10.0,sqrt,2,5,300,82
random_forest,7,/home/aline/Documentos/coffee-nir-moisture/output/models/random_forest/snv/random_forest_model_007.joblib,-2.6968518079955515,1.5720838897845697,0.6835223339276708,2.097110153187871,0.4577627323513515,1.4863121966175445,0.017135016425276758,-0.2614886689069973,26.0794092962678,7.428925068144294,0.9985297049355789,0.9818804234426544,True,,sqrt,2,5,300,83
random_forest,39,/home/aline/Documentos/coffee-nir-moisture/output/models/random_forest/snv/random_forest_model_039.joblib,-2.6968518079955515,1.5720838897845697,0.6835223339276708,2.097110153187871,0.4577627323513515,1.4863121966175445,0.017135016425276758,-0.2614886689069973,26.0794092962678,7.428925068144294,0.9985297049355789,0.9818804234426544,True,20.0,sqrt,2,5,300,84
random_forest,27,/home/aline/Documentos/coffee-nir-moisture/output/models/random_forest/snv/random_forest_model_027.joblib,-3.1483314764018697,1.5637410639237066,0.6525611001112843,2.1360103359010583,0.424502008549331,1.4973375716959363,-0.0028193678162800615,-0.2224683476419566,27.316765750517515,7.293632397665954,0.9986598869293426,0.9812019734691384,True,10.0,log2,1,5,300,85
random_forest,43,/home/aline/Documentos/coffee-nir-moisture/output/models/random_forest/snv/random_forest_model_043.joblib,-3.1483314764018697,1.5637410639237066,0.6525611001112843,2.1360103359010583,0.424502008549331,1.4973375716959363,-0.0028193678162800615,-0.2224683476419566,27.316765750517515,7.293632397665954,0.9986598869293426,0.9812019734691384,True,20.0,log2,1,5,300,86
random_forest,11,/home/aline/Documentos/coffee-nir-moisture/output/models/random_forest/snv/random_forest_model_011.joblib,-3.1483314764018697,1.5637410639237066,0.6525611001112843,2.1360103359010583,0.424502008549331,1.4973375716959363,-0.0028193678162800615,-0.2224683476419566,27.316765750517515,7.293632397665954,0.9986598869293426,0.9812019734691384,True,,log2,1,5,300,87
random_forest,45,/home/aline/Documentos/coffee-nir-moisture/output/models/random_forest/snv/random_forest_model_045.joblib,-3.116525859315911,1.5978996569954382,0.6875705317921978,2.1980594101233266,0.44052669935804395,1.5076227099292498,-0.0016745077981867975,-0.332845618848759,25.925861981280217,7.087740265766151,0.9985122375590255,0.9800939811224099,True,20.0,log2,2,2,300,88
random_forest,29,/home/aline/Documentos/coffee-nir-moisture/output/models/random_forest/snv/random_forest_model_029.joblib,-3.116525859315911,1.5978996569954382,0.6875705317921978,2.1980594101233266,0.44052669935804395,1.5076227099292498,-0.0016745077981867975,-0.332845618848759,25.925861981280217,7.087740265766151,0.9985122375590255,0.9800939811224099,True,10.0,log2,2,2,300,89
random_forest,13,/home/aline/Documentos/coffee-nir-moisture/output/models/random_forest/snv/random_forest_model_013.joblib,-3.116525859315911,1.5978996569954382,0.6875705317921978,2.1980594101233266,0.44052669935804395,1.5076227099292498,-0.0016745077981867975,-0.332845618848759,25.925861981280217,7.087740265766151,0.9985122375590255,0.9800939811224099,True,,log2,2,2,300,90
random_forest,9,/home/aline/Documentos/coffee-nir-moisture/output/models/random_forest/snv/random_forest_model_009.joblib,-3.003127045096502,1.4563265383932744,0.6010053008042697,2.207024497457747,0.36961084367961816,1.4426164854838777,0.00788574921911707,-0.22092537873583915,29.66006903064793,7.05894937080351,0.998863274284077,0.9799312711136864,True,,log2,1,2,300,91
random_forest,41,/home/aline/Documentos/coffee-nir-moisture/output/models/random_forest/snv/random_forest_model_041.joblib,-3.003127045096502,1.4563265383932744,0.6010053008042697,2.207024497457747,0.36961084367961816,1.4426164854838777,0.00788574921911707,-0.22092537873583915,29.66006903064793,7.05894937080351,0.998863274284077,0.9799312711136864,True,20.0,log2,1,2,300,92
random_forest,25,/home/aline/Documentos/coffee-nir-moisture/output/models/random_forest/snv/random_forest_model_025.joblib,-2.994851961489314,1.4514886415390924,0.6010983064544366,2.217173366434397,0.3675806949155605,1.4503125814218525,0.007322788728137237,-0.2290054746693483,29.655479841201593,7.026637800873234,0.9988629224399439,0.979746277069806,True,10.0,log2,1,2,300,93
random_forest,47,/home/aline/Documentos/coffee-nir-moisture/output/models/random_forest/snv/random_forest_model_047.joblib,-3.1993344756051543,1.6545329880135067,0.7346874667667942,2.273456161510051,0.47911164361302716,1.5865380369774178,-0.006606973086038744,-0.30029664966509173,24.263186070245403,6.852682911347363,0.9983013482828452,0.978704946919153,True,20.0,log2,2,5,300,94
random_forest,31,/home/aline/Documentos/coffee-nir-moisture/output/models/random_forest/snv/random_forest_model_031.joblib,-3.1993344756051543,1.6545329880135067,0.7346874667667942,2.273456161510051,0.47911164361302716,1.5865380369774178,-0.006606973086038744,-0.30029664966509173,24.263186070245403,6.852682911347363,0.9983013482828452,0.978704946919153,True,10.0,log2,2,5,300,95
random_forest,15,/home/aline/Documentos/coffee-nir-moisture/output/models/random_forest/snv/random_forest_model_015.joblib,-3.1993344756051543,1.6545329880135067,0.7346874667667942,2.273456161510051,0.47911164361302716,1.5865380369774178,-0.006606973086038744,-0.30029664966509173,24.263186070245403,6.852682911347363,0.9983013482828452,0.978704946919153,True,,log2,2,5,300,96
